Appartement à vendre,7 450 000 €23 428 €/m²,7,4,318,5/6,"Triangle d'Or, Paris 8ème (75008)","Au coeur du Triangle d'Or du 8e arrondissement de Paris, à deux pas des Champs Elysées, du Four Seasons George V et du célèbre Fouquet's, un magnifique appartement de réception de 318m2 (314m2 Loi Ca...",
Duplex à vendre,850 000 €15 741 €/m²,2,1,54,3/5,"Monnaie, Paris 6ème (75006)","PARIS VIe - SAINT-GERMAIN-DES-PRÉS - DUPLEX TRAVERSANT CALME ET LUMINEUX REFAIT PAR ARCHITECTE - effiCity, l'agence qui estime votre bien en ligne, vous propose ce duplex de 53,62 m² (51,89M² Loi Car...",efficity   Boban Janevski
Duplex à vendre,850 000 €15 741 €/m²,2,1,54,3/5,"Monnaie, Paris 6ème (75006)","PARIS VIe - SAINT-GERMAIN-DES-PRÉS - DUPLEX TRAVERSANT CALME ET LUMINEUX REFAIT PAR ARCHITECTE - effiCity, l'agence qui estime votre bien en ligne, vous propose ce duplex de 53,62 m² (51,89M² Loi Car...",efficity   Boban Janevski
Appartement à vendre,425 000 €9 306 €/m²,2,1,"45,7",1/5,"Nation-Alexandre Dumas, Paris 11ème (75011)","Paris 11 - T2 avec charme ancien | Lumineux | Idéal 1er achat ou pied-à-terre Un écrin de caractère à Nation – à repenser selon vos envies Situé au 91 rue de Montreuil, dans le dynamique 11ème arrond...",Brew s
Appartement à vendre,425 000 €9 306 €/m²,2,1,"45,7",1/5,"Nation-Alexandre Dumas, Paris 11ème (75011)","Paris 11 - T2 avec charme ancien | Lumineux | Idéal 1er achat ou pied-à-terre Un écrin de caractère à Nation – à repenser selon vos envies Situé au 91 rue de Montreuil, dans le dynamique 11ème arrond...",Brew s
Appartement à vendre,699 000 €7 823 €/m²,4,2,"89,4",9/10,"Danube-Porte des Lilas, Paris 19ème (75019)","Au 33 bis boulevard Serrurier, Brew's vous ouvre les portes d'un appartement rare — celui qu'on n'imagine pas trouver là. Oui, c'est bien à la Porte des Lilas, et non, vous n'entendrez pas les voitur...",Brew s
Appartement à vendre,699 000 €7 823 €/m²,4,2,"89,4",9/10,"Danube-Porte des Lilas, Paris 19ème (75019)","Au 33 bis boulevard Serrurier, Brew's vous ouvre les portes d'un appartement rare — celui qu'on n'imagine pas trouver là. Oui, c'est bien à la Porte des Lilas, et non, vous n'entendrez pas les voitur...",Brew s
Appartement à vendre,449 000 €12 829 €/m²,1,,35,7/7,"Alleray Procession, Paris 15ème (75015)","Brew's vous présente en exclusivité ce bien rare : un studio de 35 m² au 7ème et dernier étage avec ascenseur, situé 11 rue Sainte-Félicité, Paris 15e, dans une copropriété très bien entretenue. Et l...",Brew s
Appartement à vendre,449 000 €12 829 €/m²,1,,35,7/7,"Alleray Procession, Paris 15ème (75015)","Brew's vous présente en exclusivité ce bien rare : un studio de 35 m² au 7ème et dernier étage avec ascenseur, situé 11 rue Sainte-Félicité, Paris 15e, dans une copropriété très bien entretenue. Et l...",Brew s
Appartement à vendre,1 990 000 €12 839 €/m²,5,4,155,1/5,"Muette Nord, Paris 16ème (75016)","PARIS 16ème RUE DE LONGCHAMP RARE RÉSIDENCE DE CHARME AVEC DÉPENDANCE PRIVATIVE Au sein d'un somptueux immeuble haussmannien parfaitement entretenu avec GARDIEN et ASCENSEUR, le cabinet BR Immobilier...",BR Immobilier
Appartement à vendre,1 990 000 €12 839 €/m²,5,4,155,1/5,"Muette Nord, Paris 16ème (75016)","PARIS 16ème RUE DE LONGCHAMP RARE RÉSIDENCE DE CHARME AVEC DÉPENDANCE PRIVATIVE Au sein d'un somptueux immeuble haussmannien parfaitement entretenu avec GARDIEN et ASCENSEUR, le cabinet BR Immobilier...",BR Immobilier
Appartement à vendre,1 140 000 €16 056 €/m²,3,2,71,10/12,"Legendre-Lévis, Paris 17ème (75017)","Au sein de la Rue de Rome, au cœur du quartier prisé des Batignolles, BR Immobilier vous propose au 10 € étage avec ascenseur un 3 pièces RÉNOVÉ de 75 m² loi Carrez avec BALCON et VUE SACRÉ-CŒUR. L'a...",BR Immobilier
Appartement à vendre,1 140 000 €16 056 €/m²,3,2,71,10/12,"Legendre-Lévis, Paris 17ème (75017)","Au sein de la Rue de Rome, au cœur du quartier prisé des Batignolles, BR Immobilier vous propose au 10 € étage avec ascenseur un 3 pièces RÉNOVÉ de 75 m² loi Carrez avec BALCON et VUE SACRÉ-CŒUR. L'a...",BR Immobilier
Appartement à vendre,270 000 €15 882 €/m²,1,,17,3/6,"Sorbonne, Paris 5ème (75005)","Situé rue Blainville, dans un emplacement d'exception à deux pas de la célèbre Place de la Contrescarpe et de la Rue Mouffetard, ce studio bénéficie d'un cadre de vie unique, à moins de 10MN À PIED D...",BR Immobilier
Appartement à vendre,270 000 €15 882 €/m²,1,,17,3/6,"Sorbonne, Paris 5ème (75005)","Situé rue Blainville, dans un emplacement d'exception à deux pas de la célèbre Place de la Contrescarpe et de la Rue Mouffetard, ce studio bénéficie d'un cadre de vie unique, à moins de 10MN À PIED D...",BR Immobilier
Appartement à vendre,234 000 €8 667 €/m²,2,1,27,1/5,"Louis Blanc-Aqueduc, Paris 10ème (75010)","Situé rue de l'Aqueduc, À PROXIMITÉ IMMÉDIATE DU MÉTRO Stalingrad (lignes 2, 5 et 7) et À DEUX PAS DE L'EMBLÉMATIQUE CANAL SAINT-MARTIN, le Cabinet BR Immobilier a le plaisir de vous présenter cet ap...",BR Immobilier
Appartement à vendre,234 000 €8 667 €/m²,2,1,27,1/5,"Louis Blanc-Aqueduc, Paris 10ème (75010)","Situé rue de l'Aqueduc, À PROXIMITÉ IMMÉDIATE DU MÉTRO Stalingrad (lignes 2, 5 et 7) et À DEUX PAS DE L'EMBLÉMATIQUE CANAL SAINT-MARTIN, le Cabinet BR Immobilier a le plaisir de vous présenter cet ap...",BR Immobilier
Appartement à vendre,1 065 000 €10 758 €/m²,5,3,99,1/6,"Muette Sud, Paris 16ème (75016)","COUP DE COEUR, à moins de 6 min à pied du métro La Muette et non loin des quais de Seine. Le Cabinet Br-Immobilier vous propose cet AGRÉABLE 5 pièces en ANGLE en TRÈS BON ÉTAT général avec le CHARME ...",BR Immobilier
Appartement à vendre,1 065 000 €10 758 €/m²,5,3,99,1/6,"Muette Sud, Paris 16ème (75016)","COUP DE COEUR, à moins de 6 min à pied du métro La Muette et non loin des quais de Seine. Le Cabinet Br-Immobilier vous propose cet AGRÉABLE 5 pièces en ANGLE en TRÈS BON ÉTAT général avec le CHARME ...",BR Immobilier
Appartement à vendre,194 000 €5 389 €/m²,2,1,36,2/2,"Dhuys-Hoche, Bagnolet (93170)",93170- BAGNOLET - T2 - 36 m² - LUMINEUX - Grand Quartier - Proximité Métro & Commerces - 10 mn à pied de Paris Les + : Luminosité - Petite Copropriété - Centre Ville - Traversant Gaël Brossaud ( ) et...,efficity   Gael Brossaud
Appartement à vendre,450 000 €14 063 €/m²,2,1,32,2/6,"Saint Germain des Prés, Paris 6ème (75006)","ADRESSE PRESTIGIEUSE : Appartement à usage MIXTE (Habitation + professionnel) dans un SECTEUR très recherché, Rue de Rennes (The place To Be). (Projection d'aménagement) Entre le Métro SAINT-GERMAIN-...",BR Immobilier
Appartement à vendre,450 000 €14 063 €/m²,2,1,32,2/6,"Saint Germain des Prés, Paris 6ème (75006)","ADRESSE PRESTIGIEUSE : Appartement à usage MIXTE (Habitation + professionnel) dans un SECTEUR très recherché, Rue de Rennes (The place To Be). (Projection d'aménagement) Entre le Métro SAINT-GERMAIN-...",BR Immobilier
Duplex à vendre,892 500 €6 276 €/m²,5,4,"142,2",,"Georges Brassens, Paris 15ème (75015)","Nous présentons un appartement traversant Est/Ouest à rénover de 142 m2 de superficie habitable ""loi Carrez"", dont le DPE actuellement en ""F"" passe en ""E"" au 1er janvier 2026 du fait de son mode de c...",VOUILLÉ IMMOBILIER
Duplex à vendre,892 500 €6 276 €/m²,5,4,"142,2",,"Georges Brassens, Paris 15ème (75015)","Nous présentons un appartement traversant Est/Ouest à rénover de 142 m2 de superficie habitable ""loi Carrez"", dont le DPE actuellement en ""F"" passe en ""E"" au 1er janvier 2026 du fait de son mode de c...",VOUILLÉ IMMOBILIER
Appartement à vendre,1 020 000 €8 293 €/m²,4,2,123,,Paris 11ème (75011),"CHARONNE // ALEXANDRE DUMAS Au coeur d'un quartier vivant, à proximité des métros Alexandre Dumas (ligne 2) & Charonne (ligne 9), proche de toutes commodités, Oddsen immobilier a le plaisir de vous p...",Ōddsen Immobilier
Appartement à vendre,1 020 000 €8 293 €/m²,4,2,123,,Paris 11ème (75011),"CHARONNE // ALEXANDRE DUMAS Au coeur d'un quartier vivant, à proximité des métros Alexandre Dumas (ligne 2) & Charonne (ligne 9), proche de toutes commodités, Oddsen immobilier a le plaisir de vous p...",Ōddsen Immobilier
Appartement à vendre,810 000 €16 200 €/m²,2,1,50,7/7,"Trudaine-Maubeuge, Paris 9ème (75009)","COUP DE CŒUR UNIQUE / DERNIER ÉTAGE VUE EXCEPTIONNELLE SUR PLUSIEURS MONUMENTS ET LES TOITS DE PARIS À proximité immédiate de la rue des Martyrs, à moins de 5 min à pied des métros Pigalle (M2) et An...",BR Immobilier
Appartement à vendre,810 000 €16 200 €/m²,2,1,50,7/7,"Trudaine-Maubeuge, Paris 9ème (75009)","COUP DE CŒUR UNIQUE / DERNIER ÉTAGE VUE EXCEPTIONNELLE SUR PLUSIEURS MONUMENTS ET LES TOITS DE PARIS À proximité immédiate de la rue des Martyrs, à moins de 5 min à pied des métros Pigalle (M2) et An...",BR Immobilier
Appartement à vendre,499 000 €9 596 €/m²,3,2,52,6/6,"Clignancourt-Jules Joffrin, Paris 18ème (75018)","IMOSS IMMOBILIER vous présente ce bel appartement de 3/4 pièces, 52m² carrez et 56m² au sol idéalement situé rue Simart à 5 minutes pied du métro Jules Joffrin (ligne 12)et 3 minutes à pied du métro ...",IMOSS
Appartement à vendre,499 000 €9 596 €/m²,3,2,52,6/6,"Clignancourt-Jules Joffrin, Paris 18ème (75018)","IMOSS IMMOBILIER vous présente ce bel appartement de 3/4 pièces, 52m² carrez et 56m² au sol idéalement situé rue Simart à 5 minutes pied du métro Jules Joffrin (ligne 12)et 3 minutes à pied du métro ...",IMOSS
Duplex à vendre,1 050 000 €13 125 €/m²,5,3,80,4/5,"Citroën-Boucicaut, Paris 15ème (75015)","COUP DE CŒUR ABSOLU !! Au coeur du VILLAGE SAINT-CHARLES, le Cabinet BR Immobilier vous propose ce superbe DUPLEX ATELIER D'ARTISTE de 80m2, extrêmement MODULABLE, susceptible d'accueillir une famill...",BR Immobilier
Duplex à vendre,1 050 000 €13 125 €/m²,5,3,80,4/5,"Citroën-Boucicaut, Paris 15ème (75015)","COUP DE CŒUR ABSOLU !! Au coeur du VILLAGE SAINT-CHARLES, le Cabinet BR Immobilier vous propose ce superbe DUPLEX ATELIER D'ARTISTE de 80m2, extrêmement MODULABLE, susceptible d'accueillir une famill...",BR Immobilier
Appartement à vendre,550 000 €6 395 €/m²,3,,86,1/12,"Plaine, Paris 20ème (75020)",COUP DE CŒUR. Métro Porte de Vincennes / Tramway T3A. Au premier Étage d'un immeuble Semi-récent bien entretenu avec GARDIEN. Venez découvrir cet AGRÉABLE 3/4 Pièces de 86 m² TRAVERSANT et en bon éta...,BR Immobilier
Appartement à vendre,550 000 €6 395 €/m²,3,,86,1/12,"Plaine, Paris 20ème (75020)",COUP DE CŒUR. Métro Porte de Vincennes / Tramway T3A. Au premier Étage d'un immeuble Semi-récent bien entretenu avec GARDIEN. Venez découvrir cet AGRÉABLE 3/4 Pièces de 86 m² TRAVERSANT et en bon éta...,BR Immobilier
Appartement à vendre,415 000 €12 576 €/m²,1,,33,,"Sentier-Bonne Nouvelle, Paris 2ème (75002)","Au coeur de Paris, idéalement situé dans le secteur du Sentier rue Mulhouse, Br-Immobilier vous présente ce GRAND STUDIO esprit loft aliant charme et modernité, avec un mur principal en pierre appare...",BR Immobilier
Appartement à vendre,415 000 €12 576 €/m²,1,,33,,"Sentier-Bonne Nouvelle, Paris 2ème (75002)","Au coeur de Paris, idéalement situé dans le secteur du Sentier rue Mulhouse, Br-Immobilier vous présente ce GRAND STUDIO esprit loft aliant charme et modernité, avec un mur principal en pierre appare...",BR Immobilier
Appartement à vendre,290 000 €11 600 €/m²,1,,25,2/9,"Clichy-Trinité, Paris 9ème (75009)","À DEUX PAS DU MOULIN ROUGE et à proximité immédiate de Montmartre - Le Cabinet BR-Immobilier vous présente ce studio parfaitement OPTIMISÉ de 24,41 m2 Carrez situé au deuxime étage avec ascenseur d'u...",BR Immobilier
Appartement à vendre,290 000 €11 600 €/m²,1,,25,2/9,"Clichy-Trinité, Paris 9ème (75009)","À DEUX PAS DU MOULIN ROUGE et à proximité immédiate de Montmartre - Le Cabinet BR-Immobilier vous présente ce studio parfaitement OPTIMISÉ de 24,41 m2 Carrez situé au deuxime étage avec ascenseur d'u...",BR Immobilier
Maison à vendre - neuf,1 800 000 €13 433 €/m²,5,4,134,,"Vallée de Fécamp, Paris 12ème (75012)","Niché au cœur du 12ème arrondissement, à deux pas de l'avenue Daumesnil et de la place Félix Éboué, le programme Villas Daumesnil se décline en cinq maisons neuves aux surfaces généreuses. Véritables...",IKORY SERVICES IMMOBILIERS
Maison à vendre - neuf,1 800 000 €13 433 €/m²,5,4,134,,"Vallée de Fécamp, Paris 12ème (75012)","Niché au cœur du 12ème arrondissement, à deux pas de l'avenue Daumesnil et de la place Félix Éboué, le programme Villas Daumesnil se décline en cinq maisons neuves aux surfaces généreuses. Véritables...",IKORY SERVICES IMMOBILIERS
Appartement à vendre,460 000 €11 220 €/m²,2,1,41,4/6,"Grandes Carrières-Clichy, Paris 18ème (75018)","À proximité du métro GUY MÔQUET et à deux pas des BATIGNOLLES - Le Cabinet BR-Immobilier vous présente ce deux pièces parfaitement OPTIMISÉ de 40,24 m2 Carrez situé au quatrième étage sans ascenseur ...",BR Immobilier
Appartement à vendre,460 000 €11 220 €/m²,2,1,41,4/6,"Grandes Carrières-Clichy, Paris 18ème (75018)","À proximité du métro GUY MÔQUET et à deux pas des BATIGNOLLES - Le Cabinet BR-Immobilier vous présente ce deux pièces parfaitement OPTIMISÉ de 40,24 m2 Carrez situé au quatrième étage sans ascenseur ...",BR Immobilier
Appartement à vendre,3 250 000 €12 311 €/m²,7,5,264,3/6,"Mairie, Paris 8ème (75008)","Dans une rue calme, à proximité immédiate des établissements scolaires recherchés, des commerces et du Parc Monceau, au 3e étage et seul à l’étage d’un immeuble en pierre de taille de grand standing,...",DANIEL FEAU SAINT HONORE
Appartement à vendre,3 250 000 €12 311 €/m²,7,5,264,3/6,"Mairie, Paris 8ème (75008)","Dans une rue calme, à proximité immédiate des établissements scolaires recherchés, des commerces et du Parc Monceau, au 3e étage et seul à l’étage d’un immeuble en pierre de taille de grand standing,...",DANIEL FEAU SAINT HONORE
Appartement à vendre,360 000 €10 909 €/m²,2,1,33,2/5,"Grange Aux Belles-Terrage, Paris 10ème (75010)","Hosman vous propose cet appartement 2 pièces traversant de 32,65 m² Carrez (33,45 m² au sol), niché au deuxième étage sans ascenseur d'un immeuble bien entretenu, situé rue Eugène Varlin à Paris. Le ...",
Appartement à vendre,360 000 €10 909 €/m²,2,1,33,2/5,"Grange Aux Belles-Terrage, Paris 10ème (75010)","Hosman vous propose cet appartement 2 pièces traversant de 32,65 m² Carrez (33,45 m² au sol), niché au deuxième étage sans ascenseur d'un immeuble bien entretenu, situé rue Eugène Varlin à Paris. Le ...",
Appartement à vendre,280 000 €3 500 €/m²,3,2,80,,"Cosmonautes, Saint Denis (93200)","L'agence ERA Immobilier vous propose un magnifique appartement à Saint-Denis, situé dans un quartier calme et familial. L'appartement se trouve à 11 minutes à pied du métro Basilique (L.13) et à 2 mi...",ERA IMMOBILIER SAINT DENIS ET LA PLAINE SAINT DENIS
Appartement à vendre,230 000 €10 455 €/m²,1,,22,,"Ternes-Maillot, Paris 17ème (75017)","TERNES-PEREIRE Situé dans un quartier CHIC et CALME, à proximité des commerces et de toutes commodités ainsi qu'a deux minutes à pied du métro Pereire (L3) et à quelques minutes à pied de Ternes (L2)...",Ōddsen Immobilier
Appartement à vendre,230 000 €10 455 €/m²,1,,22,,"Ternes-Maillot, Paris 17ème (75017)","TERNES-PEREIRE Situé dans un quartier CHIC et CALME, à proximité des commerces et de toutes commodités ainsi qu'a deux minutes à pied du métro Pereire (L3) et à quelques minutes à pied de Ternes (L2)...",Ōddsen Immobilier
Appartement à vendre,498 000 €15 032 €/m²,2,1,"33,1",4/5,"Arsenal, Paris 4ème (75004)","Appartement coup de cœur situé à proximité de la place des Vosges dans un immeuble ancien aux parties communes récemment rénovées. Ce bien traversant de deux pièces d'une surface de 33,14 m² loi Carr...",VANEAU MARAIS
Appartement à vendre,498 000 €15 032 €/m²,2,1,"33,1",4/5,"Arsenal, Paris 4ème (75004)","Appartement coup de cœur situé à proximité de la place des Vosges dans un immeuble ancien aux parties communes récemment rénovées. Ce bien traversant de deux pièces d'une surface de 33,14 m² loi Carr...",VANEAU MARAIS
Appartement à vendre,310 000 €8 857 €/m²,2,1,35,3/4,"La Chapelle-Marx Dormoy, Paris 18ème (75018)","AU PIED DU METRO MARX DORMOY, le Cabinet BR Immobilier vous propose ce magnifique 2 pièces en EXCELLENT ETAT, situé au sein d'une copropriété entièrement rénovée. Il se compose d'un séjour LUMINEUX, ...",BR Immobilier
Appartement à vendre,310 000 €8 857 €/m²,2,1,35,3/4,"La Chapelle-Marx Dormoy, Paris 18ème (75018)","AU PIED DU METRO MARX DORMOY, le Cabinet BR Immobilier vous propose ce magnifique 2 pièces en EXCELLENT ETAT, situé au sein d'une copropriété entièrement rénovée. Il se compose d'un séjour LUMINEUX, ...",BR Immobilier
Maison à vendre,3 300 000 €2 568 €/m²,20,10,18 000  de terrain,,Marseille 11ème (13011),"Exclusivité - Située dans le village ou à grandit Marcel Pagnol, À 15 km de Cassis et environ 30 minutes du vieux port de Marseille, découvrez cette bastide du XIXe siècle, en position dominante, au ...",
Maison à vendre,3 300 000 €2 568 €/m²,20,10,18 000  de terrain,,Marseille 11ème (13011),"Exclusivité - Située dans le village ou à grandit Marcel Pagnol, À 15 km de Cassis et environ 30 minutes du vieux port de Marseille, découvrez cette bastide du XIXe siècle, en position dominante, au ...",
Maison à vendre,2 590 000 €5 180 €/m²,17,14,20 000  de terrain,,"Le Redon, Marseille 9ème (13009)","Marseille, 9ème, Luminy, Parc National des Calanques, magnifique maison de Maître de plus de 550 m² avec son parc de 2 hectares. Cette magnifique Maison de Maître (alliant authenticité, calme, nature...",PIERACCINI Hubert   Capifrance
Maison à vendre,2 590 000 €5 180 €/m²,17,14,20 000  de terrain,,"Le Redon, Marseille 9ème (13009)","Marseille, 9ème, Luminy, Parc National des Calanques, magnifique maison de Maître de plus de 550 m² avec son parc de 2 hectares. Cette magnifique Maison de Maître (alliant authenticité, calme, nature...",PIERACCINI Hubert   Capifrance
Maison à vendre,3 600 000 €7 143 €/m²,15,7,504,,"Mazargues, Marseille 9ème (13009)","Barnes Immobilier a le privilège de présenter, un hôtel particulier d'exception rénové par le cabinet TOGU Architecture, situé sur le prestigieux Boulevard Michelet. Un édifice remarquable de plus de...",BARNES MARSEILLE-CASSIS-LITTORAL
Maison à vendre,3 600 000 €7 143 €/m²,15,7,504,,"Mazargues, Marseille 9ème (13009)","Barnes Immobilier a le privilège de présenter, un hôtel particulier d'exception rénové par le cabinet TOGU Architecture, situé sur le prestigieux Boulevard Michelet. Un édifice remarquable de plus de...",BARNES MARSEILLE-CASSIS-LITTORAL
Maison à vendre,1 648 000 €5 071 €/m²,14,10,1 400  de terrain,,"Sainte Anne, Marseille 8ème (13008)","Situé dans un quartier très recherché du 8 € arrondissement de Marseille, au calme absolu, à proximité immédiate des écoles, des transports et des commodités, cet ensemble immobilier rare offre un po...",Agnes Kocsis
Maison à vendre,1 648 000 €5 071 €/m²,14,10,1 400  de terrain,,"Sainte Anne, Marseille 8ème (13008)","Situé dans un quartier très recherché du 8 € arrondissement de Marseille, au calme absolu, à proximité immédiate des écoles, des transports et des commodités, cet ensemble immobilier rare offre un po...",Agnes Kocsis
Maison à vendre,1 575 000 €3 750 €/m²,12,9,2 400  de terrain,,"Saint Barthélémy, Marseille (13014)","Venez découvrir cette splendide Bastide de 300m² du 17e siècle parfaitement entretenue vendue avec sa maison secondaire de 110m², au calme dans une petite résidence située dans le quartier Saint-Bath...",MATERRASSEAMARSEILLE.COM
Maison à vendre,1 575 000 €3 750 €/m²,12,9,2 400  de terrain,,"Saint Barthélémy, Marseille (13014)","Venez découvrir cette splendide Bastide de 300m² du 17e siècle parfaitement entretenue vendue avec sa maison secondaire de 110m², au calme dans une petite résidence située dans le quartier Saint-Bath...",MATERRASSEAMARSEILLE.COM
Villa à vendre,1 575 000 €3 750 €/m²,12,9,2 366  de terrain,,"Saint Barthélémy, Marseille (13014)","Sur une parcelle calme et arborée de 2400m², laissez-vous séduire par cette bastide du XVIIème siècle, joyau intemporel en parfait état. Chaque pierre raconte l'histoire de ses propriétaires, qui ont...",JEROME DAHER IMMOBILIER
Villa à vendre,1 575 000 €3 750 €/m²,12,9,2 366  de terrain,,"Saint Barthélémy, Marseille (13014)","Sur une parcelle calme et arborée de 2400m², laissez-vous séduire par cette bastide du XVIIème siècle, joyau intemporel en parfait état. Chaque pierre raconte l'histoire de ses propriétaires, qui ont...",JEROME DAHER IMMOBILIER
Maison à vendre,990 000 €3 246 €/m²,12,8,4 000  de terrain,,"La Millière, Marseille 11ème (13011)","Anna PONS vous propose (Plus de photos sont disponibles sur mon site) Environnement : Située à Marseille, cette propriété se niche au cœur d'un vaste terrain arboré de 4000 m². Dès l'ouverture du por...",BREVET Brigitte   Capifrance
Maison à vendre,990 000 €3 246 €/m²,12,8,4 000  de terrain,,"La Millière, Marseille 11ème (13011)","Anna PONS vous propose (Plus de photos sont disponibles sur mon site) Environnement : Située à Marseille, cette propriété se niche au cœur d'un vaste terrain arboré de 4000 m². Dès l'ouverture du por...",BREVET Brigitte   Capifrance
Maison à vendre,1 700 000 €4 857 €/m²,12,6,1 100  de terrain,,"Saint Julien, Marseille 12ème (13012)","L'agence Human Immobilier vous présente une maison exceptionnelle au coeur de Saint-Julien, dans un secteur recherché et particulièrement calme. D'une surface d'environ 400 m², elle offre des volumes...",HUMAN IMMOBILIER MARSEILLE
Maison à vendre,1 700 000 €4 857 €/m²,12,6,1 100  de terrain,,"Saint Julien, Marseille 12ème (13012)","L'agence Human Immobilier vous présente une maison exceptionnelle au coeur de Saint-Julien, dans un secteur recherché et particulièrement calme. D'une surface d'environ 400 m², elle offre des volumes...",HUMAN IMMOBILIER MARSEILLE
Maison à vendre,995 000 €3 339 €/m²,12,5,400  de terrain,,"La Capelette, Marseille 10ème (13010)","Un ensemble immobilier polyvalent au cœur du secteur de la Timone, à quelques minutes du métro et des axes autoroutiers. Une maison principale composée de quatres chambres, d'une pièce de vie de 48m²...",MAT & SEB IMMOBILIER
Maison à vendre,995 000 €3 339 €/m²,12,5,400  de terrain,,"La Capelette, Marseille 10ème (13010)","Un ensemble immobilier polyvalent au cœur du secteur de la Timone, à quelques minutes du métro et des axes autoroutiers. Une maison principale composée de quatres chambres, d'une pièce de vie de 48m²...",MAT & SEB IMMOBILIER
Maison à vendre,379 000 €4 738 €/m²,3,2,280  de terrain,,"Le Charrel-Camp Major-Saint Mître, Aubagne (13400)","EXCLUSIVITE LES CREISSAUDS-LA PERUSSONNE. Dans une jolie maison en rdc, se trouve ce joli T3/4 très lumineux de plus 80m2. Passez le portail et un bel espace de stationnement pour plusieurs voitures ...",PROJET IMMO GESTION
Appartement à vendre,699 000 €3 066 €/m²,12,,228,3/5,"Palais de Justice, Marseille 6ème (13006)",Era Immobilier Marseille Centre vous propose d'acheter un vaste appartement idéalement situés dans le 6°arrondissement de Marseille quartier Palais de Justice dans un bel immeuble Haussmannien très b...,ERA IMMOBILIER - AGENCE B.I
Appartement à vendre,699 000 €3 066 €/m²,12,,228,3/5,"Palais de Justice, Marseille 6ème (13006)",Era Immobilier Marseille Centre vous propose d'acheter un vaste appartement idéalement situés dans le 6°arrondissement de Marseille quartier Palais de Justice dans un bel immeuble Haussmannien très b...,ERA IMMOBILIER - AGENCE B.I
Maison à vendre,535 000 €1 507 €/m²,12,6,380  de terrain,,"Bon secours, Marseille (13014)","Votre agence ERA IMMO DU PARC vous propose cet immeuble de 12 pièces réparti sur 3 niveaux offre un cadre de vie spacieux et un excellent potentiel locatif. Situé sur une parcelle de 380 m², ce bien ...",
Maison à vendre,535 000 €1 507 €/m²,12,6,380  de terrain,,"Bon secours, Marseille (13014)","Votre agence ERA IMMO DU PARC vous propose cet immeuble de 12 pièces réparti sur 3 niveaux offre un cadre de vie spacieux et un excellent potentiel locatif. Situé sur une parcelle de 380 m², ce bien ...",
Demeure à vendre,de 3M à 10M €,12,5,2 400  de terrain,,"Bompard, Marseille 7ème (13007)","Collection Privée Daniel FEAU – en exclusivité, maison de maître fin XIXème à la vue exceptionnelle et emplacement de premier ordre. Unique. Diverses possibilités d'exploitation. Dossier complet sur ...",Daniel Feau Marseille & Littoral
Demeure à vendre,de 3M à 10M €,12,5,2 400  de terrain,,"Bompard, Marseille 7ème (13007)","Collection Privée Daniel FEAU – en exclusivité, maison de maître fin XIXème à la vue exceptionnelle et emplacement de premier ordre. Unique. Diverses possibilités d'exploitation. Dossier complet sur ...",Daniel Feau Marseille & Littoral
Villa à vendre,1 380 000 €4 600 €/m²,11,5,1 688  de terrain,,"Sormiou, Marseille 9ème (13009)","Bâtie au coeur d’un ilot de verdure plat de 1688m2, entre les villages de Bonneveine et de Sormiou, cette maison bourgeoise familiale aux volumes très bien pensés a été conçue en 1930 puis dotée de p...",HOME SWEET HOME
Villa à vendre,1 380 000 €4 600 €/m²,11,5,1 688  de terrain,,"Sormiou, Marseille 9ème (13009)","Bâtie au coeur d’un ilot de verdure plat de 1688m2, entre les villages de Bonneveine et de Sormiou, cette maison bourgeoise familiale aux volumes très bien pensés a été conçue en 1930 puis dotée de p...",HOME SWEET HOME
Demeure à vendre,989 000 €4 087 €/m²,11,6,1 176  de terrain,,"Château Gombert, Marseille 13ème (13013)","Située à Château-Gombert, dans un secteur résidentiel calme et recherché, cette maison individuelle de 242 m² de surface totale séduira les amateurs d'espace, de confort et de nature. Édifiée sur 3 n...",VIRGINIE MAUDUIT BSK IMMOBILIER
Demeure à vendre,989 000 €4 087 €/m²,11,6,1 176  de terrain,,"Château Gombert, Marseille 13ème (13013)","Située à Château-Gombert, dans un secteur résidentiel calme et recherché, cette maison individuelle de 242 m² de surface totale séduira les amateurs d'espace, de confort et de nature. Édifiée sur 3 n...",VIRGINIE MAUDUIT BSK IMMOBILIER
Maison à vendre,2 490 000 €7 961 €/m²,11,6,3 771  de terrain,,"Saint Julien, Marseille 12ème (13012)","Cette propriété exceptionnelle avec piscine est idéalement située au cœur d'un jardin luxuriant de 3 771m², comprenant une dépendance. Une majestueuse allée bordée d'arbres centenaires et agrémentée ...",BARNES MARSEILLE-CASSIS-LITTORAL
Maison à vendre,2 490 000 €7 961 €/m²,11,6,3 771  de terrain,,"Saint Julien, Marseille 12ème (13012)","Cette propriété exceptionnelle avec piscine est idéalement située au cœur d'un jardin luxuriant de 3 771m², comprenant une dépendance. Une majestueuse allée bordée d'arbres centenaires et agrémentée ...",BARNES MARSEILLE-CASSIS-LITTORAL
Maison à plusieurs étages à vendre,870 000 €1 663 €/m²,11,7,523,,"Saint Marcel, Marseille 11ème (13011)","À vendre en exclusivité Immeuble de rapport en pleine propriété situé dans le quartier de Saint-Marcel, à deux pas de La Valentine. Environnement calme et résidentiel, à proximité immédiate des comme...",
Maison à plusieurs étages à vendre,870 000 €1 663 €/m²,11,7,523,,"Saint Marcel, Marseille 11ème (13011)","À vendre en exclusivité Immeuble de rapport en pleine propriété situé dans le quartier de Saint-Marcel, à deux pas de La Valentine. Environnement calme et résidentiel, à proximité immédiate des comme...",
Villa à vendre,2 500 000 €9 434 €/m²,11,7,520  de terrain,,"La Plage, Marseille 8ème (13008)","Superbe villa Art Déco dans un cadre enchanteur, celle ci a été entièrement rénovée et développe env. 280 m² sur 520 m² de jardin arboré, au sein d'une résidence sécurisée du 7ème à Marseille. Ce bie...",TARDY Immobilier
Villa à vendre,2 500 000 €9 434 €/m²,11,7,520  de terrain,,"La Plage, Marseille 8ème (13008)","Superbe villa Art Déco dans un cadre enchanteur, celle ci a été entièrement rénovée et développe env. 280 m² sur 520 m² de jardin arboré, au sein d'une résidence sécurisée du 7ème à Marseille. Ce bie...",TARDY Immobilier
Villa à vendre,2 890 000 €8 679 €/m²,11,7,452  de terrain,,"Le Roucas Blanc, Marseille 7ème (13007)","EXCLUSIVITÉ Située aux pieds de Notre-Dame de la Garde, en position dominante d’une ruelle paisible du Roucas Blanc, cette maison d’architecte familiale entièrement rénovée en 2020 surplombe un panor...",HOME SWEET HOME
Villa à vendre,2 890 000 €8 679 €/m²,11,7,452  de terrain,,"Le Roucas Blanc, Marseille 7ème (13007)","EXCLUSIVITÉ Située aux pieds de Notre-Dame de la Garde, en position dominante d’une ruelle paisible du Roucas Blanc, cette maison d’architecte familiale entièrement rénovée en 2020 surplombe un panor...",HOME SWEET HOME
Maison à vendre,429 000 €2 868 €/m²,11,6,384  de terrain,,Marseille 10ème (13010),"13010 Marseille La Capelette maison composée de 3 appartements avec un jardin arboré de 384 M2. Très atypique, elle peut convenir a une grande famille ou pour un investisseur, PREVOIR TRAVAUX, dans u...",CENTURY 21 Alphée Immobilier
Maison à vendre,429 000 €2 868 €/m²,11,6,384  de terrain,,Marseille 10ème (13010),"13010 Marseille La Capelette maison composée de 3 appartements avec un jardin arboré de 384 M2. Très atypique, elle peut convenir a une grande famille ou pour un investisseur, PREVOIR TRAVAUX, dans u...",CENTURY 21 Alphée Immobilier
Maison à vendre,795 000 €2 650 €/m²,11,8,1 000  de terrain,,"La Fourragère, Marseille 12ème (13012)","Maison de 200m² à Rénover avec dépendance de 100m² sur une parcelle de 1000m² - 12ème Arrondissement de Marseille. Une occasion rare se présente dans le 12ème arrondissement de Marseille, sur une par...",SIKSIK IMMOBILIER
Maison à vendre,795 000 €2 650 €/m²,11,8,1 000  de terrain,,"La Fourragère, Marseille 12ème (13012)","Maison de 200m² à Rénover avec dépendance de 100m² sur une parcelle de 1000m² - 12ème Arrondissement de Marseille. Une occasion rare se présente dans le 12ème arrondissement de Marseille, sur une par...",SIKSIK IMMOBILIER
Villa à vendre,de 3M à 10M €,11,8,1 200  de terrain,,"Bonneveine, Marseille 7ème (13007)","Exceptionnelle villa contemporaine de 450 m² habitables, sur 1200 m² de terrain .. Cette villa offre un espace de vie de 200 m² qui s'ouvre sur une immense terrasse avec vue mer, un espace inférieur ...",TARDY Immobilier
Villa à vendre,de 3M à 10M €,11,8,1 200  de terrain,,"Bonneveine, Marseille 7ème (13007)","Exceptionnelle villa contemporaine de 450 m² habitables, sur 1200 m² de terrain .. Cette villa offre un espace de vie de 200 m² qui s'ouvre sur une immense terrasse avec vue mer, un espace inférieur ...",TARDY Immobilier
Demeure à vendre,2 800 000 €6 292 €/m²,10,7,978  de terrain,,"Le Roucas Blanc, Marseille 7ème (13007)","À vendre en première ligne sur la Corniche Kennedy, Marseille 7ème arrondissement, maison de Maître de 445 m² à rénover, vue mer panoramique. Située dans un environnement privilégié, au cœur de la my...",MARSEILLE SOTHEBY S INTERNATIONAL REALTY
Demeure à vendre,2 800 000 €6 292 €/m²,10,7,978  de terrain,,"Le Roucas Blanc, Marseille 7ème (13007)","À vendre en première ligne sur la Corniche Kennedy, Marseille 7ème arrondissement, maison de Maître de 445 m² à rénover, vue mer panoramique. Située dans un environnement privilégié, au cœur de la my...",MARSEILLE SOTHEBY S INTERNATIONAL REALTY
Appartement à vendre - neuf,249 000 €5 791 €/m²,2,,43,,"Pin Vert, Aubagne (13400)","FRAIS DE NOTAIRE OFFERTS*TRAVAUX EN COURS !Découvrez notre programme immobilier neuf à Aubagne (13), Villa Orane. Dans un quartier résidentiel à 5 minutes à pied de l'hypercentre et à 500 mètres de l...",GROUPE PICHET
Maison à vendre,2 900 000 €10 545 €/m²,10,6,1 300  de terrain,,"Le Roucas Blanc, Marseille 7ème (13007)","Idéalement située dans un parc arboré et sécurisé de la Corniche JF Kennedy, cette belle maison de Maître en pierres de taille et aux volumes généreux s'organise sur 2 niveaux. Une pièce de vie avec ...",Agence R Recouly
Maison à vendre,2 900 000 €10 545 €/m²,10,6,1 300  de terrain,,"Le Roucas Blanc, Marseille 7ème (13007)","Idéalement située dans un parc arboré et sécurisé de la Corniche JF Kennedy, cette belle maison de Maître en pierres de taille et aux volumes généreux s'organise sur 2 niveaux. Une pièce de vie avec ...",Agence R Recouly
Villa à vendre,1 790 000 €4 475 €/m²,10,3,400  de terrain,,"Le Cabot, Marseille 9ème (13009)","FIDÈS IMMOBILIER vous propose une superbe maison d'architecte d'environ 350 m², baignée de lumière et offrant des prestations d'exception. Le niveau principal s'ouvre sur une spacieuse pièce de vie d...",FIDES IMMOBILIER
Villa à vendre,1 790 000 €4 475 €/m²,10,3,400  de terrain,,"Le Cabot, Marseille 9ème (13009)","FIDÈS IMMOBILIER vous propose une superbe maison d'architecte d'environ 350 m², baignée de lumière et offrant des prestations d'exception. Le niveau principal s'ouvre sur une spacieuse pièce de vie d...",FIDES IMMOBILIER
Maison à vendre,749 000 €4 184 €/m²,10,5,570  de terrain,,Marseille 9ème (13009),"« La villa Laurette » Maison de charme rare sur son secteur, élégante et aux multiples possibilités. Au détour d'une rue paisible, se dévoile une maison pleine de charme, baignée de lumière. Dès les ...",FIDUCIA
Maison à vendre,749 000 €4 184 €/m²,10,5,570  de terrain,,Marseille 9ème (13009),"« La villa Laurette » Maison de charme rare sur son secteur, élégante et aux multiples possibilités. Au détour d'une rue paisible, se dévoile une maison pleine de charme, baignée de lumière. Dès les ...",FIDUCIA
Appartement à vendre,335 000 €3 941 €/m²,4,3,85,4/5,"Le Grand Trou, Lyon 8ème (69008)","Découvrez cet appartement de type T4, situé au 4ème étage d'un immeuble récent Rue du Colonel Arnaud Beltrame, Lyon 8ème. Offrant une luminosité exceptionnelle grâce à sa pièce de vie exposée sud-oue...",
Appartement à vendre,335 000 €3 941 €/m²,4,3,85,4/5,"Le Grand Trou, Lyon 8ème (69008)","Découvrez cet appartement de type T4, situé au 4ème étage d'un immeuble récent Rue du Colonel Arnaud Beltrame, Lyon 8ème. Offrant une luminosité exceptionnelle grâce à sa pièce de vie exposée sud-oue...",
Appartement à vendre,330 000 €3 708 €/m²,5,3,89,2/5,"Gerland, Lyon 7ème (69007)","A 2 pas des quais du Rhône, au sein d'une petite copropriété au calme, sécurisée et bien entretenue, l'agence Espaces et Lieux a le plaisir de vous proposer à la vente ce charmant T4 de 89 m². Cet ap...",ESPACES ET LIEUX
Appartement à vendre,330 000 €3 708 €/m²,5,3,89,2/5,"Gerland, Lyon 7ème (69007)","A 2 pas des quais du Rhône, au sein d'une petite copropriété au calme, sécurisée et bien entretenue, l'agence Espaces et Lieux a le plaisir de vous proposer à la vente ce charmant T4 de 89 m². Cet ap...",ESPACES ET LIEUX
Appartement à vendre,240 000 €3 288 €/m²,3,2,73,2/4,"Laënnec-Mermoz, Lyon 8ème (69008)","Cet appartement de type T3 est situé au 2ème étage d'un immeuble, rue Genton à Lyon. D'une surface de 73 m², ce bien présente une disposition agréable. Il inclut une pièce de vie de 31 m² ouvrant sur...",
Appartement à vendre,240 000 €3 288 €/m²,3,2,73,2/4,"Laënnec-Mermoz, Lyon 8ème (69008)","Cet appartement de type T3 est situé au 2ème étage d'un immeuble, rue Genton à Lyon. D'une surface de 73 m², ce bien présente une disposition agréable. Il inclut une pièce de vie de 31 m² ouvrant sur...",
Appartement à vendre,319 000 €5 145 €/m²,3,2,62,3/6,"Vaise-Rochecardon-Industrie, Lyon 9ème (69009)","Pour toute question ou demande d'information, pensez à noter et nous communiquer le numéro de référence lors de votre appel : 19139 LYON 9 RÉSIDENCE 2023 T3 TERRASSE VUE PARC RÉCENT GARAGE POSSIBLE C...",HOMKI
Appartement à vendre,319 000 €5 145 €/m²,3,2,62,3/6,"Vaise-Rochecardon-Industrie, Lyon 9ème (69009)","Pour toute question ou demande d'information, pensez à noter et nous communiquer le numéro de référence lors de votre appel : 19139 LYON 9 RÉSIDENCE 2023 T3 TERRASSE VUE PARC RÉCENT GARAGE POSSIBLE C...",HOMKI
Appartement à vendre - neuf,241 000 €3 731 €/m²,3,2,"64,6",,Lyon 9ème (69009),OFFRE « DÉMARRAGE DES TRAVAUX » : 15 000 € de remise sur nos 4 pièces et 20 000 € sur nos 5 pièces ! * PIERRE LEVÉÉ – DEVENEZ PROPRIÉTAIRE À LYON 9 € ! Ne manquez pas cette opportunité unique de deve...,ICADE
Appartement à vendre - neuf,241 000 €3 731 €/m²,3,2,"64,6",,Lyon 9ème (69009),OFFRE « DÉMARRAGE DES TRAVAUX » : 15 000 € de remise sur nos 4 pièces et 20 000 € sur nos 5 pièces ! * PIERRE LEVÉÉ – DEVENEZ PROPRIÉTAIRE À LYON 9 € ! Ne manquez pas cette opportunité unique de deve...,ICADE
Appartement à vendre,220 000 €3 623 €/m²,2,1,"60,7",7/7,"Vaise-Rochecardon-Industrie, Lyon 9ème (69009)","Votre agence ORPI vous propose de découvrir ce bel appartement T2/T3 situé dans une résidence de standing Pitance, nichée au cœur d'un environnement verdoyant et résidentiel, situé au 7 € et dernier ...",Côté Saône Immobilier
Appartement à vendre,220 000 €3 623 €/m²,2,1,"60,7",7/7,"Vaise-Rochecardon-Industrie, Lyon 9ème (69009)","Votre agence ORPI vous propose de découvrir ce bel appartement T2/T3 situé dans une résidence de standing Pitance, nichée au cœur d'un environnement verdoyant et résidentiel, situé au 7 € et dernier ...",Côté Saône Immobilier
Appartement à vendre,280 000 €4 118 €/m²,3,2,68,1/5,"Villette, Lyon 3ème (69003)","Pour toute question ou demande d'information, pensez à noter et nous communiquer le numéro de référence lors de votre appel : 18173 Lyon 3 – T3 lumineux avec balcon et terrasse – Homki vous propose c...",HOMKI
Appartement à vendre,280 000 €4 118 €/m²,3,2,68,1/5,"Villette, Lyon 3ème (69003)","Pour toute question ou demande d'information, pensez à noter et nous communiquer le numéro de référence lors de votre appel : 18173 Lyon 3 – T3 lumineux avec balcon et terrasse – Homki vous propose c...",HOMKI
Appartement à vendre,297 000 €3 808 €/m²,4,3,78,3/6,"Gerland, Lyon 7ème (69007)","Pour toute question ou demande d'information, pensez à noter et nous communiquer le numéro de référence lors de votre appel : 19117 LYON 7ÈME / HALLE TONY GARNIER T4 CLÉ EN MAIN RÉSIDENCE RÉCENTE ET ...",HOMKI
Appartement à vendre,297 000 €3 808 €/m²,4,3,78,3/6,"Gerland, Lyon 7ème (69007)","Pour toute question ou demande d'information, pensez à noter et nous communiquer le numéro de référence lors de votre appel : 19117 LYON 7ÈME / HALLE TONY GARNIER T4 CLÉ EN MAIN RÉSIDENCE RÉCENTE ET ...",HOMKI
Appartement à vendre,265 000 €4 492 €/m²,3,2,59,1/4,"Sans Souci-Dauphiné, Lyon 3ème (69003)","Pour toute question ou demande d'information, pensez à noter et nous communiquer le numéro de référence lors de votre appel : 19561 Sur Lyon 3, venez découvrir cet appartement traversant (nord–sud) d...",HOMKI
Appartement à vendre,265 000 €4 492 €/m²,3,2,59,1/4,"Sans Souci-Dauphiné, Lyon 3ème (69003)","Pour toute question ou demande d'information, pensez à noter et nous communiquer le numéro de référence lors de votre appel : 19561 Sur Lyon 3, venez découvrir cet appartement traversant (nord–sud) d...",HOMKI
Duplex à vendre - neuf,679 000 €6 663 €/m²,5,3,"101,9",,Villeurbanne (69100),"Cogedim signe une résidence d'exception à Villeurbanne, à l'architecture iconique. Ses lignes aériennes et ses volumes en gradins mettent lumière et espace à l'honneur. Du studio au 5 pièces, les app...",COGEDIM
Appartement à vendre,208 000 €5 333 €/m²,2,1,39,2/5,"Part Dieu, Lyon 3ème (69003)","Pour toute question ou demande d'information, pensez à noter et nous communiquer le numéro de référence lors de votre appel : 19109 Lyon 3 – Rue André Philip En exclusivité : charmant T2 de 39,02 m² ...",HOMKI
Appartement à vendre,208 000 €5 333 €/m²,2,1,39,2/5,"Part Dieu, Lyon 3ème (69003)","Pour toute question ou demande d'information, pensez à noter et nous communiquer le numéro de référence lors de votre appel : 19109 Lyon 3 – Rue André Philip En exclusivité : charmant T2 de 39,02 m² ...",HOMKI
Appartement à vendre,425 000 €5 592 €/m²,3,2,76,2/5,"Croix Paquet, Lyon 1er (69001)","Pour toute question ou demande d'information, pensez à noter et nous communiquer le numéro de référence lors de votre appel : 18767 Venez découvrir ce superbe Canut T3 de 76 m² – rue Royale, Lyon 1er...",HOMKI
Appartement à vendre,425 000 €5 592 €/m²,3,2,76,2/5,"Croix Paquet, Lyon 1er (69001)","Pour toute question ou demande d'information, pensez à noter et nous communiquer le numéro de référence lors de votre appel : 18767 Venez découvrir ce superbe Canut T3 de 76 m² – rue Royale, Lyon 1er...",HOMKI
Appartement à vendre,499 000 €4 496 €/m²,4,3,111,1/7,"Jean Macé, Lyon 7ème (69007)","Pour toute question ou demande d'information, pensez à noter et nous communiquer le numéro de référence lors de votre appel : 17020 LYON 7, JEAN MACÉ EXCLUSIF T4 111 M² ROTONDE VUE PLACE Une adresse ...",HOMKI
Appartement à vendre,499 000 €4 496 €/m²,4,3,111,1/7,"Jean Macé, Lyon 7ème (69007)","Pour toute question ou demande d'information, pensez à noter et nous communiquer le numéro de référence lors de votre appel : 17020 LYON 7, JEAN MACÉ EXCLUSIF T4 111 M² ROTONDE VUE PLACE Une adresse ...",HOMKI
Maison à vendre,1 150 000 €4 600 €/m²,7,3,205  de terrain,,"Les Brotteaux-Bellecombe-Masséna, Lyon 6ème (69006)","Pour toute question ou demande d'information, pensez à noter et nous communiquer le numéro de référence lors de votre appel : 18596 Pure place par Homki a le plaisir de vous présenter en exclusivité ...",HOMKI
Maison à vendre,1 150 000 €4 600 €/m²,7,3,205  de terrain,,"Les Brotteaux-Bellecombe-Masséna, Lyon 6ème (69006)","Pour toute question ou demande d'information, pensez à noter et nous communiquer le numéro de référence lors de votre appel : 18596 Pure place par Homki a le plaisir de vous présenter en exclusivité ...",HOMKI
Duplex à vendre,385 000 €5 347 €/m²,3,1,72,3/5,"Croix Paquet, Lyon 1er (69001)","Pour toute question ou demande d'information, pensez à noter et nous communiquer le numéro de référence lors de votre appel : 18148 LYON 1ER PENTES CROIX-ROUSSE T3 DUPLEX VUE PANORAMIQUE FOURVIÈRE CA...",HOMKI
Duplex à vendre,385 000 €5 347 €/m²,3,1,72,3/5,"Croix Paquet, Lyon 1er (69001)","Pour toute question ou demande d'information, pensez à noter et nous communiquer le numéro de référence lors de votre appel : 18148 LYON 1ER PENTES CROIX-ROUSSE T3 DUPLEX VUE PANORAMIQUE FOURVIÈRE CA...",HOMKI
Appartement à vendre,650 000 €5 963 €/m²,3,2,109,1/4,"Cordeliers-Célestins-Bourse, Lyon 2ème (69002)","Pour toute question ou demande d'information, pensez à noter et nous communiquer le numéro de référence lors de votre appel : 16488 En exclusivité, venez visiter cet appartement de 3 pièces avec cach...",HOMKI
Appartement à vendre,650 000 €5 963 €/m²,3,2,109,1/4,"Cordeliers-Célestins-Bourse, Lyon 2ème (69002)","Pour toute question ou demande d'information, pensez à noter et nous communiquer le numéro de référence lors de votre appel : 16488 En exclusivité, venez visiter cet appartement de 3 pièces avec cach...",HOMKI
Appartement à vendre,150 000 €3 448 €/m²,2,1,"43,5",,"États-Unis, Lyon 8ème (69008)","69200 VENISSIEUX CENTRE - T2 - 43 m² - LUMINEUX - RECENT 2011 - PARKING Léonore Pillon et Efficity, l'agence qui estime votre bien en ligne, vous proposent en exclusivité ce superbe appartement T2 si...",efficity   Léonore Pillon
Appartement à vendre,150 000 €3 448 €/m²,2,1,"43,5",,"États-Unis, Lyon 8ème (69008)","69200 VENISSIEUX CENTRE - T2 - 43 m² - LUMINEUX - RECENT 2011 - PARKING Léonore Pillon et Efficity, l'agence qui estime votre bien en ligne, vous proposent en exclusivité ce superbe appartement T2 si...",efficity   Léonore Pillon
Appartement à vendre,215 000 €5 513 €/m²,2,2,39,5/5,"Part Dieu, Lyon 3ème (69003)","Pour toute question ou demande d'information, pensez à noter et nous communiquer le numéro de référence lors de votre appel : 19175 Lyon 3, rue André Philip, venez découvrir en exclusivité ce joli T2...",HOMKI
Appartement à vendre,215 000 €5 513 €/m²,2,2,39,5/5,"Part Dieu, Lyon 3ème (69003)","Pour toute question ou demande d'information, pensez à noter et nous communiquer le numéro de référence lors de votre appel : 19175 Lyon 3, rue André Philip, venez découvrir en exclusivité ce joli T2...",HOMKI
Appartement à vendre,447 000 €6 386 €/m²,3,2,70,4/7,"Gerland, Lyon 7ème (69007)","Pour toute question ou demande d'information, pensez à noter et nous communiquer le numéro de référence lors de votre appel : 19488 À vendre : très beau T3 parfaitement agencé, lumineux et offrant un...",HOMKI
Appartement à vendre,447 000 €6 386 €/m²,3,2,70,4/7,"Gerland, Lyon 7ème (69007)","Pour toute question ou demande d'information, pensez à noter et nous communiquer le numéro de référence lors de votre appel : 19488 À vendre : très beau T3 parfaitement agencé, lumineux et offrant un...",HOMKI
Appartement à vendre - neuf,380 000 €6 357 €/m²,3,2,"59,8",,"Perrache-Le Confluent, Lyon 2ème (69002)","Découvrez en exclusivité notre nouvelle résidence ZÉPHYR située au cœur du quartier Confluence à Lyon, un secteur prisé et dynamique. Profitez d'appartements neufs, du 2 au 5 pièces, tous dotés d'un ...",QUARTUS RESIDENTIEL
Appartement à vendre - neuf,380 000 €6 357 €/m²,3,2,"59,8",,"Perrache-Le Confluent, Lyon 2ème (69002)","Découvrez en exclusivité notre nouvelle résidence ZÉPHYR située au cœur du quartier Confluence à Lyon, un secteur prisé et dynamique. Profitez d'appartements neufs, du 2 au 5 pièces, tous dotés d'un ...",QUARTUS RESIDENTIEL
Appartement à vendre - neuf,467 000 €6 125 €/m²,4,3,"76,2",,"Perrache-Le Confluent, Lyon 2ème (69002)","Découvrez en exclusivité notre nouvelle résidence ZÉPHYR située au cœur du quartier Confluence à Lyon, un secteur prisé et dynamique. Profitez d'appartements neufs, du 2 au 5 pièces, tous dotés d'un ...",QUARTUS RESIDENTIEL
Appartement à vendre - neuf,467 000 €6 125 €/m²,4,3,"76,2",,"Perrache-Le Confluent, Lyon 2ème (69002)","Découvrez en exclusivité notre nouvelle résidence ZÉPHYR située au cœur du quartier Confluence à Lyon, un secteur prisé et dynamique. Profitez d'appartements neufs, du 2 au 5 pièces, tous dotés d'un ...",QUARTUS RESIDENTIEL
Appartement à vendre - neuf,480 000 €7 705 €/m²,3,,"62,3",,"Plateau de la Croix Rousse-Ouest, Lyon 4ème (69004)","[ - TRAVAUX EN COURS - ] – LYON – QUARTIER CROIX-ROUSSE – 4ème arrondissement – Découvrez VILLA CRISTAL, une résidence haut de gamme nichée sur les hauteurs de la colline de la Croix-Rousse. Ce progr...",LAMOTTE
Appartement à vendre - neuf,480 000 €7 705 €/m²,3,,"62,3",,"Plateau de la Croix Rousse-Ouest, Lyon 4ème (69004)","[ - TRAVAUX EN COURS - ] – LYON – QUARTIER CROIX-ROUSSE – 4ème arrondissement – Découvrez VILLA CRISTAL, une résidence haut de gamme nichée sur les hauteurs de la colline de la Croix-Rousse. Ce progr...",LAMOTTE
Appartement à vendre - neuf,670 000 €7 791 €/m²,4,,86,,"Plateau de la Croix Rousse-Ouest, Lyon 4ème (69004)","[ - TRAVAUX EN COURS - ] – LYON – QUARTIER CROIX-ROUSSE – 4ème arrondissement – Découvrez VILLA CRISTAL, une résidence haut de gamme nichée sur les hauteurs de la colline de la Croix-Rousse. Ce progr...",LAMOTTE
Appartement à vendre - neuf,670 000 €7 791 €/m²,4,,86,,"Plateau de la Croix Rousse-Ouest, Lyon 4ème (69004)","[ - TRAVAUX EN COURS - ] – LYON – QUARTIER CROIX-ROUSSE – 4ème arrondissement – Découvrez VILLA CRISTAL, une résidence haut de gamme nichée sur les hauteurs de la colline de la Croix-Rousse. Ce progr...",LAMOTTE
Appartement à vendre - neuf,479 000 €5 849 €/m²,4,,"81,9",,"Les Poulettes, Villeurbanne (69100)","Programme immobilier neuf à Villeurbanne : découvrez Lumina. Votre futur appartement neuf au coeur d'un quartier dynamique. Découvrez Lumina, une résidence immobilière neuve à Villeurbanne, idéale po...",BNP PARIBAS REAL ESTATE
Appartement à vendre - neuf,380 000 €7 037 €/m²,2,,54,,Lyon 4ème (69004),"Découvrez cette nouvelle résidence, nichée dans un environnement prisé, inscrit au patrimoine mondial de l'Unesco. Elle incarne le parfait équilibre entre tradition et modernité, offrant un cadre de ...",RECHERCHE APPARTEMENT OU MAISON
Appartement à vendre - neuf,380 000 €7 037 €/m²,2,,54,,Lyon 4ème (69004),"Découvrez cette nouvelle résidence, nichée dans un environnement prisé, inscrit au patrimoine mondial de l'Unesco. Elle incarne le parfait équilibre entre tradition et modernité, offrant un cadre de ...",RECHERCHE APPARTEMENT OU MAISON
Appartement à vendre,549 000 €5 779 €/m²,4,3,95,6/7,"La Guillotière Sud, Lyon 7ème (69007)","Pour toute question ou demande d'information, pensez à noter et nous communiquer le numéro de référence lors de votre appel : 19583 Bel appartement familial – Lyon 7 / Garibaldi – 6 € étages – Calme ...",HOMKI
Appartement à vendre,549 000 €5 779 €/m²,4,3,95,6/7,"La Guillotière Sud, Lyon 7ème (69007)","Pour toute question ou demande d'information, pensez à noter et nous communiquer le numéro de référence lors de votre appel : 19583 Bel appartement familial – Lyon 7 / Garibaldi – 6 € étages – Calme ...",HOMKI
Appartement à vendre,339 000 €4 134 €/m²,3,2,82,1/4,"La Guillotière Sud, Lyon 7ème (69007)","Pour toute question ou demande d'information, pensez à noter et nous communiquer le numéro de référence lors de votre appel : 19073 Situé rue de Marseille au cœur du 7 € arrondissement de Lyon et non...",HOMKI
Appartement à vendre,339 000 €4 134 €/m²,3,2,82,1/4,"La Guillotière Sud, Lyon 7ème (69007)","Pour toute question ou demande d'information, pensez à noter et nous communiquer le numéro de référence lors de votre appel : 19073 Situé rue de Marseille au cœur du 7 € arrondissement de Lyon et non...",HOMKI
